,movie_id,sentiment_score,Sentiments
0,1,0.24264000000000002,pos
1,2,-0.67438,neg
2,3,-0.20806,neg
3,4,-0.23356000000000005,neg
4,5,-0.52534,neg
5,6,0.0,neu
6,7,0.22844000000000003,pos
7,8,0.34950000000000003,pos
8,9,0.27305999999999997,pos
9,10,0.09806,pos
10,11,0.20388,pos
11,12,-0.20152,neg
12,13,-0.08727499999999999,neg
13,14,0.48751999999999995,pos
14,15,0.132875,pos
15,16,0.0,neu
16,17,0.45296000000000003,pos
17,18,0.11892,pos
18,19,-0.32763333333333333,neg
19,20,0.9997,pos
20,21,0.32686,pos
21,22,0.23364,pos
22,23,0.8348000000000001,pos
23,24,-0.016659999999999963,neu
24,25,0.7142799999999999,pos
25,26,-0.15463333333333332,neg
26,27,-0.1922,neg
27,28,0.83992,pos
28,29,0.2687,pos
29,30,-0.10523999999999997,neg
30,31,0.46932,pos
31,32,0.41538,pos
32,33,0.6493,pos
33,34,-0.43088,neg
34,35,-0.49985,neg
35,36,0.57202,pos
36,37,-0.9969,neg
37,38,0.40838,pos
38,39,0.17746,pos
39,40,0.025879999999999993,neu
40,41,0.036839999999999984,neu
41,42,0.51888,pos
42,43,0.16586,pos
43,44,0.3312,pos
44,45,0.29288,pos
45,46,-0.3222,neg
46,47,0.43642000000000003,pos
47,48,-0.09967999999999999,neg
48,49,-0.51506,neg
49,50,-0.5454600000000001,neg
50,51,-0.0030399999999999984,neu
51,52,0.60516,pos
52,53,-0.36802,neg
53,54,0.00010000000000001119,neu
54,55,-0.04618,neu
55,56,0.37645999999999996,pos
56,57,-0.1889,neg
57,58,0.44286000000000003,pos
58,59,0.9861000000000001,pos
59,60,0.9962,pos
60,61,0.60096,pos
61,62,0.5803,pos
62,63,0.32176,pos
63,64,0.67226,pos
64,65,0.39498,pos
65,66,0.48466000000000004,pos
66,67,0.62072,pos
67,68,0.4575,pos
68,69,0.71114,pos
69,70,0.62156,pos
70,71,0.14642,pos
71,72,0.53286,pos
72,73,0.4561,pos
73,74,-0.8886000000000001,neg
74,75,0.0,neu
75,76,0.32552000000000003,pos
76,77,0.16388,pos
77,78,0.49454000000000004,pos
78,79,0.8903000000000001,pos
79,80,-0.4572333333333334,neg
80,81,0.48617999999999995,pos
81,82,0.55202,pos
82,83,0.99262,pos
83,84,0.0,neu
84,85,0.99534,pos
85,86,0.9202999999999999,pos
86,87,-0.14898,neg
87,88,0.8640000000000001,pos
88,89,0.45432000000000006,pos
89,90,0.011099999999999999,neu
90,91,0.3082,pos
91,92,0.96796,pos
92,93,0.18657999999999997,pos
93,94,0.2404,pos
94,95,0.30379999999999996,pos
95,96,0.96638,pos
96,97,0.27666,pos
97,98,0.09581999999999999,pos
98,99,0.19746000000000002,pos
99,100,0.59046,pos
100,101,0.25128,pos
101,102,0.15172,pos
102,103,0.59498,pos
103,104,0.04765999999999998,neu
104,105,-0.055400000000000005,neg
105,106,0.59674,pos
106,107,0.0012499999999999734,neu
107,108,-0.27325,neg
108,109,0.3347333333333333,pos
109,110,-0.4327,neg
110,111,0.18596000000000001,pos
111,112,-0.9869,neg
112,113,0.0,neu
113,114,0.0,neu
114,115,0.4439,pos
115,116,0.0,neu
116,117,-0.21324,neg
117,118,0.58944,pos
118,119,0.8885,pos
119,120,0.48497500000000004,pos
120,121,0.521025,pos
121,122,0.31087999999999993,pos
122,123,0.14356,pos
123,124,0.48756000000000005,pos
124,125,0.7962,pos
125,126,-0.9869,neg
126,127,0.54448,pos
127,128,0.27578,pos
128,129,0.38044,pos
129,130,-0.21475999999999998,neg
130,131,0.07236000000000001,pos
131,132,0.46057999999999993,pos
132,133,0.69108,pos
133,134,0.6291800000000001,pos
134,135,0.056380000000000006,pos
135,136,0.6070800000000001,pos
136,137,-0.19934000000000002,neg
137,138,-0.3298666666666667,neg
138,139,-0.08837999999999997,neg
139,140,0.40506000000000003,pos
140,141,0.18728,pos
141,142,0.02679999999999999,neu
142,143,0.2218,pos
143,144,0.15996000000000002,pos
144,145,-0.3303,neg
145,146,-0.9869,neg
146,147,0.91632,pos
147,148,0.18197999999999998,pos
148,149,-0.16326000000000002,neg
149,150,0.53156,pos
150,151,0.20324,pos
151,152,0.12862,pos
152,153,0.33255999999999997,pos
153,154,0.30984,pos
154,155,-0.17407999999999998,neg
155,156,0.5805,pos
156,157,0.4450200000000001,pos
157,158,0.17966,pos
158,159,-0.30650000000000005,neg
159,160,0.14394,pos
160,161,0.1357,pos
161,162,0.5981400000000001,pos
162,163,-0.87884,neg
163,164,0.61712,pos
164,165,0.5322600000000001,pos
165,166,0.0,neu
166,167,-0.09194,neg
167,168,0.31058,pos
168,169,0.2263,pos
169,170,0.9916,pos
170,171,0.020060000000000012,neu
171,172,-0.3623200000000001,neg
172,173,0.97772,pos
173,174,0.58748,pos
174,175,0.1341,pos
175,176,0.76582,pos
176,177,0.46026,pos
177,178,0.92926,pos
178,179,0.56304,pos
179,180,0.21403999999999995,pos
180,181,0.06108,pos
181,182,0.13455999999999999,pos
182,183,0.6508200000000001,pos
183,184,0.59924,pos
184,185,-0.27826000000000006,neg
185,186,0.49108,pos
186,187,0.68614,pos
187,188,0.24264000000000002,pos
188,189,0.5961000000000001,pos
189,190,0.6752800000000001,pos
190,191,0.5494199999999999,pos
191,192,0.8337600000000001,pos
192,193,0.9306800000000001,pos
193,194,0.9628399999999999,pos
194,195,0.63254,pos
195,196,-0.14601999999999998,neg
196,197,0.6614800000000001,pos
197,198,0.04396,neu
198,199,0.28206,pos
199,200,-0.29118000000000005,neg
200,201,0.28026,pos
201,202,0.8332,pos
202,203,0.6258199999999999,pos
203,204,0.04301999999999997,neu
204,205,0.14450000000000002,pos
205,206,0.51578,pos
206,207,0.73982,pos
207,208,0.07231999999999998,pos
208,209,0.72118,pos
209,210,0.64498,pos
210,211,0.65818,pos
211,212,0.0011999999999999789,neu
212,213,-0.08834,neg
213,214,-0.47800000000000004,neg
214,215,0.58396,pos
215,216,0.5562199999999999,pos
216,217,0.58676,pos
217,218,-0.2909,neg
218,219,-0.15552,neg
219,220,-0.06570000000000001,neg
220,221,0.17675999999999997,pos
221,222,-0.44238,neg
222,223,0.82706,pos
223,224,0.5945199999999999,pos
224,225,-0.2515,neg
225,226,0.20339999999999997,pos
226,227,-0.22568000000000002,neg
227,228,0.06543999999999998,pos
228,229,0.08733999999999997,pos
229,230,0.41936,pos
230,231,-0.26067999999999997,neg
231,232,0.23178,pos
232,233,-0.5104,neg
233,234,0.37029999999999996,pos
234,235,-0.24686,neg
235,236,0.5678599999999999,pos
236,237,0.15922,pos
237,238,0.47694000000000003,pos
238,239,0.7820400000000001,pos
239,240,-0.019875000000000004,neu
240,241,-0.23734000000000002,neg
241,242,-0.035550000000000026,neu
242,243,0.0,neu
243,244,-0.7867,neg
244,245,0.20026000000000002,pos
245,246,0.78096,pos
246,247,-0.299575,neg
247,248,0.42668,pos
248,249,-0.49264,neg
249,250,0.9629999999999999,pos
250,251,0.43845999999999996,pos
251,252,0.37614000000000003,pos
252,253,0.12142000000000001,pos
253,254,0.07938,pos
254,255,0.9789,pos
255,256,0.0,neu
256,257,-0.7898799999999999,neg
257,258,0.4728,pos
258,259,0.27212000000000003,pos
259,260,0.81334,pos
260,261,-0.3441,neg
261,262,-0.55002,neg
262,263,0.69664,pos
263,264,0.6347799999999999,pos
264,265,0.75972,pos
265,266,0.43806,pos
266,267,0.024319999999999998,neu
267,268,0.78096,pos
268,269,0.60622,pos
269,270,0.88638,pos
270,271,0.023980000000000022,neu
271,272,0.94802,pos
272,273,0.29078,pos
273,274,0.18894,pos
274,275,0.30952,pos
275,276,-0.14014000000000001,neg
276,277,0.47714,pos
277,278,-0.5988,neg
278,279,-0.19413999999999998,neg
279,280,0.21311999999999998,pos
280,281,0.59642,pos
281,282,0.19929999999999998,pos
282,283,0.17641999999999997,pos
283,284,-0.19942,neg
284,285,0.21074,pos
285,286,0.05564,pos
286,287,-0.15534,neg
287,288,-0.50678,neg
288,289,-0.004400000000000026,neu
289,290,0.11326666666666667,pos
290,291,0.26308,pos
291,292,-0.36229999999999996,neg
292,293,0.56446,pos
293,294,-0.23525999999999997,neg
294,295,0.17851999999999998,pos
295,296,-0.676175,neg
296,297,0.5515000000000001,pos
297,298,0.86754,pos
298,299,0.191,pos
299,300,0.17424,pos
300,301,-0.14231999999999997,neg
301,302,0.58644,pos
302,303,0.5515000000000001,pos
303,304,-0.20407999999999998,neg
304,305,-0.04364000000000001,neu
305,306,0.899,pos
306,307,-0.38073999999999997,neg
307,308,0.4608333333333334,pos
308,309,0.406725,pos
309,310,0.46126000000000006,pos
310,311,0.4523,pos
311,312,-0.2839,neg
312,313,0.2122,pos
313,314,-0.9843,neg
314,315,-0.1675,neg
315,316,0.99942,pos
316,317,0.3997,pos
317,318,0.5875600000000001,pos
318,319,0.98234,pos
319,320,-0.9894,neg
320,321,0.03205999999999998,neu
321,322,0.07665,pos
322,323,0.07017999999999999,pos
323,324,0.13264,pos
324,325,-0.20187999999999998,neg
325,326,0.58248,pos
326,327,-0.33038,neg
327,328,-0.016839999999999987,neu
328,329,0.13448,pos
329,330,0.59044,pos
330,331,0.25538,pos
331,332,0.59998,pos
332,333,0.12253999999999998,pos
333,334,0.7407199999999999,pos
334,335,-0.10497999999999996,neg
335,336,0.9958400000000001,pos
336,337,0.5999800000000001,pos
337,338,0.9480599999999999,pos
338,339,-0.19596,neg
339,340,-0.2716,neg
340,341,0.60268,pos
341,342,0.57892,pos
342,343,-0.18219999999999997,neg
343,344,0.36970000000000003,pos
344,345,0.39690000000000003,pos
345,346,0.32828,pos
346,347,0.07344000000000003,pos
347,348,0.13448,pos
348,349,0.56624,pos
349,350,-0.23022,neg
350,351,-0.9983500000000001,neg
351,352,0.16206,pos
352,353,0.5544800000000001,pos
353,354,0.03424000000000001,neu
354,355,0.5368999999999999,pos
355,356,-0.44396,neg
356,357,0.5908,pos
357,358,-0.06298,neg
358,359,-0.27998,neg
359,360,-0.06786000000000003,neg
360,361,-0.73075,neg
361,362,0.10414000000000004,pos
362,363,-0.9188600000000001,neg
363,364,-0.12212000000000003,neg
364,365,0.12926,pos
365,366,0.41884,pos
366,367,0.02742,neu
367,368,0.67616,pos
368,369,-0.14232,neg
369,370,0.49624999999999997,pos
370,371,0.14934,pos
371,372,0.51314,pos
372,373,0.10626,pos
373,374,0.3167,pos
374,375,-0.13762,neg
375,376,-0.005500000000000005,neu
376,377,0.888525,pos
377,378,0.38570000000000004,pos
378,379,-0.9991,neg
379,380,0.11023999999999998,pos
380,381,0.63572,pos
381,382,-0.3323333333333333,neg
382,383,0.12416000000000002,pos
383,384,-0.0038000000000000256,neu
384,385,0.39089999999999997,pos
385,386,-0.44442000000000004,neg
386,387,0.59958,pos
387,388,-0.5807,neg
388,389,0.14616,pos
389,390,0.48336000000000007,pos
390,391,0.99232,pos
391,392,0.9835,pos
392,393,0.10388,pos
393,394,0.375575,pos
394,395,0.1553,pos
395,396,-0.20962,neg
396,397,0.12938,pos
397,398,0.80844,pos
398,399,0.25705999999999996,pos
399,400,-0.27818000000000004,neg
400,401,0.8368,pos
401,402,0.21483999999999998,pos
402,403,0.00675999999999998,neu
403,404,0.49504000000000004,pos
404,405,0.03585999999999998,neu
405,406,-0.28924000000000005,neg
406,407,-0.9835200000000001,neg
407,408,-0.003300000000000025,neu
408,409,0.19426,pos
409,410,0.15058,pos
410,411,0.4697,pos
411,412,0.09636666666666664,pos
412,413,-0.9869,neg
413,414,0.9037200000000001,pos
414,415,-0.91005,neg
415,416,0.42896,pos
416,417,-0.21993999999999997,neg
417,418,0.42919999999999997,pos
418,419,0.21794000000000002,pos
419,420,0.04744,neu
420,421,0.28453333333333336,pos
421,422,0.26933333333333337,pos
422,423,0.39938,pos
423,424,0.0,neu
424,425,0.62988,pos
425,426,-0.03374000000000001,neu
426,427,0.8378,pos
427,428,0.5976,pos
428,429,0.7212,pos
429,430,0.56596,pos
430,431,0.44424,pos
431,432,0.58502,pos
432,433,0.27458,pos
433,434,0.16044,pos
434,435,-0.13323999999999997,neg
435,436,0.16094,pos
436,437,-0.0039000000000000146,neu
437,438,-0.58008,neg
438,439,-0.9999,neg
439,440,-0.9672499999999999,neg
440,441,0.13984,pos
441,442,-0.0039000000000000146,neu
442,443,0.63222,pos
443,444,-0.43906,neg
444,445,0.06722000000000003,pos
445,446,-0.60694,neg
446,447,0.5274,pos
447,448,0.00010000000000000564,neu
448,449,0.026539999999999973,neu
449,450,-0.010580000000000011,neu
450,451,0.9071,pos
451,452,0.7374,pos
452,453,0.86696,pos
453,454,-0.9847,neg
454,455,0.4845,pos
455,456,0.088725,pos
456,457,-0.858,neg
457,458,-0.2954,neg
458,459,0.00030000000000002247,neu
459,460,-0.0023999999999999855,neu
460,461,0.18475999999999998,pos
461,462,0.0,neu
462,463,-0.03015000000000001,neu
463,464,-0.92634,neg
464,465,0.46471999999999997,pos
465,466,0.20364,pos
466,467,0.16465999999999997,pos
467,468,0.60888,pos
468,469,0.34178000000000003,pos
469,470,0.64472,pos
470,471,0.16912,pos
471,472,0.04396,neu
472,473,-0.24222000000000002,neg
473,474,0.60204,pos
474,475,0.17526,pos
475,476,0.39980000000000004,pos
476,477,0.35750000000000004,pos
477,478,0.7954399999999999,pos
478,479,0.24224,pos
479,480,0.83788,pos
480,481,0.99566,pos
481,482,0.94636,pos
482,483,0.86172,pos
483,484,0.9144,pos
484,485,0.84138,pos
485,486,0.5676,pos
486,487,0.6723600000000001,pos
487,488,-0.3229,neg
488,489,0.48138,pos
489,490,-0.08706,neg
490,491,0.62676,pos
491,492,0.47018000000000004,pos
492,493,0.37352,pos
493,494,0.98126,pos
494,495,0.82424,pos
495,496,0.9141,pos
496,497,0.85746,pos
497,498,0.046460000000000036,neu
498,499,0.59952,pos
499,500,-0.20407999999999998,neg
500,501,0.58646,pos
501,502,-0.03843999999999999,neu
502,503,0.30585999999999997,pos
503,504,-0.006459999999999977,neu
504,505,0.22046000000000002,pos
505,506,0.10274000000000001,pos
506,507,0.9956200000000001,pos
507,508,0.16684,pos
508,509,0.33794,pos
509,510,0.59826,pos
510,511,0.7946,pos
511,512,0.8607400000000001,pos
512,513,0.59578,pos
513,514,0.59744,pos
514,515,0.18805999999999998,pos
515,516,0.47846,pos
516,517,0.19326000000000002,pos
517,518,0.02944000000000002,neu
518,519,0.86646,pos
519,520,0.19563999999999998,pos
520,521,0.60824,pos
521,522,0.9836,pos
522,523,0.9263600000000001,pos
523,524,0.46326,pos
524,525,0.78614,pos
525,526,0.21972,pos
526,527,0.54308,pos
527,528,-0.19578,neg
528,529,0.6412,pos
529,530,0.5962799999999999,pos
530,531,0.59518,pos
531,532,-0.9869,neg
532,533,0.22363333333333335,pos
533,534,-0.09693999999999998,neg
534,535,0.5985199999999999,pos
535,536,0.9939,pos
536,537,-0.361,neg
537,538,0.8246399999999999,pos
538,539,0.65886,pos
539,540,0.10044,pos
540,541,0.18776,pos
541,542,-0.32028,neg
542,543,0.15738,pos
543,544,-0.39559999999999995,neg
544,545,0.36629999999999996,pos
545,546,-0.24779999999999996,neg
546,547,-0.9991,neg
547,548,-0.56278,neg
548,549,0.20484,pos
549,550,0.08111999999999997,pos
550,551,0.86646,pos
551,552,0.025839999999999995,neu
552,553,0.44226,pos
553,554,0.40221999999999997,pos
554,555,-0.22501999999999994,neg
555,556,-0.19763999999999998,neg
556,557,0.0,neu
557,558,0.17656000000000002,pos
558,559,0.24232,pos
559,560,0.3320666666666667,pos
560,561,-0.13172,neg
561,562,0.44105999999999995,pos
562,563,0.9493,pos
563,564,0.15936,pos
564,565,-0.51534,neg
565,566,-0.32043999999999995,neg
566,567,-0.89986,neg
567,568,0.8642,pos
568,569,0.79434,pos
569,570,-0.05162,neg
570,571,-0.004200000000000009,neu
571,572,0.8800800000000001,pos
572,573,0.029380000000000052,neu
573,574,-0.31784,neg
574,575,-0.9969,neg
575,576,-0.43484,neg
576,577,0.7719400000000001,pos
577,578,0.8412200000000001,pos
578,579,-0.3308666666666667,neg
579,580,-0.05623333333333332,neg
580,581,-0.14862000000000003,neg
581,582,0.9803200000000001,pos
582,583,-0.00275000000000003,neu
583,584,-0.06932,neg
584,585,0.5821,pos
585,586,-0.8420333333333333,neg
586,587,-0.49695,neg
587,588,0.6857200000000001,pos
588,589,0.73406,pos
589,590,-0.9874999999999999,neg
590,591,-0.84948,neg
591,592,0.22022000000000003,pos
592,593,0.11458000000000002,pos
593,594,0.47268,pos
594,595,0.09410000000000003,pos
595,596,0.4276,pos
596,597,0.06511999999999998,pos
597,598,-0.97685,neg
598,599,0.0,neu
599,600,0.0,neu
600,601,0.9026333333333333,pos
601,602,0.99382,pos
602,603,0.45418000000000003,pos
603,604,0.94766,pos
604,605,0.78186,pos
605,606,0.99602,pos
606,607,0.75812,pos
607,608,-0.005899999999999994,neu
608,609,0.595,pos
609,610,0.536,pos
610,611,0.6619200000000001,pos
611,612,0.20134,pos
612,613,0.5652,pos
613,614,0.3614,pos
614,615,0.39742,pos
615,616,-0.63442,neg
616,617,0.0,neu
617,618,0.20196000000000006,pos
618,619,0.24823333333333333,pos
619,620,-0.48034,neg
620,621,0.0,neu
621,622,0.11966000000000002,pos
622,623,0.011699999999999999,neu
623,624,0.990125,pos
624,625,-0.004799999999999982,neu
625,626,0.59626,pos
626,627,0.020779999999999976,neu
627,628,0.16728,pos
628,629,0.96506,pos
629,630,0.02529999999999999,neu
630,631,0.33114,pos
631,632,-0.20932000000000003,neg
632,633,0.96386,pos
633,634,0.0,neu
634,635,0.06902,pos
635,636,0.7188399999999999,pos
636,637,0.71424,pos
637,638,-0.6486,neg
638,639,-0.296,neg
639,640,0.39893999999999996,pos
640,641,0.54668,pos
641,642,0.37029999999999996,pos
642,643,0.02854000000000001,neu
643,644,0.05006000000000001,pos
644,645,-0.50202,neg
645,646,0.6019,pos
646,647,0.79562,pos
647,648,0.59604,pos
648,649,0.98386,pos
649,650,0.21373333333333333,pos
650,651,-0.28138,neg
651,652,0.55325,pos
652,653,0.26594,pos
653,654,0.21342,pos
654,655,0.78356,pos
655,656,0.18256,pos
656,657,0.5265,pos
657,658,0.07912,pos
658,659,0.53156,pos
659,660,0.19488,pos
660,661,0.6509199999999999,pos
661,662,0.8455600000000001,pos
662,663,0.66318,pos
663,664,0.79568,pos
664,665,0.62218,pos
665,666,0.98655,pos
666,667,0.15338000000000002,pos
667,668,0.6019,pos
668,669,-0.24112,neg
669,670,0.029380000000000052,neu
670,671,0.27090000000000003,pos
671,672,0.66512,pos
672,673,-0.42038000000000003,neg
673,674,0.39940000000000003,pos
674,675,-0.57302,neg
675,676,0.39832,pos
676,677,0.19838000000000003,pos
677,678,0.17695999999999998,pos
678,679,-0.15020000000000003,neg
679,680,0.43806,pos
680,681,-0.32752499999999996,neg
681,682,0.59132,pos
682,683,0.55146,pos
683,684,0.59258,pos
684,685,0.46796,pos
685,686,0.59932,pos
686,687,-0.64335,neg
687,688,-0.3161,neg
688,689,0.13075999999999996,pos
689,690,-0.7348600000000001,neg
690,691,0.90154,pos
691,692,0.19858,pos
692,693,0.07954000000000001,pos
693,694,0.32608,pos
694,695,-0.10786,neg
695,696,0.2037,pos
696,697,0.10812000000000002,pos
697,698,0.18631999999999999,pos
698,699,0.35026,pos
699,700,0.3291,pos
700,701,0.0,neu
701,702,-0.56498,neg
702,703,-0.014500000000000013,neu
703,704,-0.58306,neg
704,705,0.95116,pos
705,706,0.20064,pos
706,707,0.18135,pos
707,708,0.13978,pos
708,709,0.453075,pos
709,710,0.25856,pos
710,711,-0.9869,neg
711,712,0.60048,pos
712,713,0.392675,pos
713,714,0.20803333333333332,pos
714,715,0.19904,pos
715,716,0.86908,pos
716,717,-0.2515,neg
717,718,0.9741,pos
718,719,0.9953000000000001,pos
719,720,0.30924,pos
720,721,-0.11016000000000001,neg
721,722,0.2157,pos
722,723,0.07051999999999996,pos
723,724,0.17246,pos
724,725,-0.9969,neg
725,726,0.66286,pos
726,727,0.39544999999999997,pos
727,728,-0.32996,neg
728,729,0.30633999999999995,pos
729,730,0.0,neu
730,731,0.007899999999999982,neu
731,732,0.9154399999999999,pos
732,733,0.60182,pos
733,734,0.99648,pos
734,735,0.9641400000000001,pos
735,736,0.1623,pos
736,737,-0.006749999999999978,neu
737,738,-0.01990000000000003,neu
738,739,0.25948000000000004,pos
739,740,0.49985,pos
740,741,0.12304,pos
741,742,-0.10562000000000002,neg
742,743,0.29928,pos
743,744,0.19691999999999998,pos
744,745,-0.20134,neg
745,746,0.6204,pos
746,747,0.9761,pos
747,748,-0.20182000000000003,neg
748,749,0.4733666666666667,pos
749,750,0.34634,pos
750,751,-0.17782,neg
751,752,-0.11125999999999996,neg
752,753,0.20137999999999998,pos
753,754,0.99284,pos
754,755,0.34146,pos
755,756,0.1622,pos
756,757,-0.59694,neg
757,758,-0.9869,neg
758,759,0.9700200000000001,pos
759,760,0.69396,pos
760,761,0.5447,pos
761,762,0.59924,pos
762,763,0.08459999999999998,pos
763,764,-0.9869,neg
764,765,0.5661400000000001,pos
765,766,-0.59672,neg
766,767,0.8616400000000001,pos
767,768,0.18254,pos
768,769,0.38816,pos
769,770,-0.019479999999999987,neu
770,771,0.38659999999999994,pos
771,772,-0.02862,neu
772,773,0.0,neu
773,774,-0.22489999999999996,neg
774,775,0.19618,pos
775,776,0.527,pos
776,777,-0.18919999999999998,neg
777,778,0.5442199999999999,pos
778,779,-0.14212,neg
779,780,-0.219,neg
780,781,-0.31986,neg
781,782,-0.0019000000000000128,neu
782,783,-0.14157999999999998,neg
783,784,-0.05004999999999998,neg
784,785,0.7318,pos
785,786,0.00014999999999998348,neu
786,787,-0.20701999999999998,neg
787,788,0.29114000000000007,pos
788,789,-0.996,neg
789,790,0.7757799999999999,pos
790,791,-0.9991,neg
791,792,0.5882400000000001,pos
792,793,0.77748,pos
793,794,0.34824,pos
794,795,0.17312,pos
795,796,-0.2273,neg
796,797,0.48580000000000007,pos
797,798,-0.28618,neg
798,799,0.12244,pos
799,800,-0.83066,neg
800,801,0.70518,pos
801,802,-0.6615599999999999,neg
802,803,0.5581400000000001,pos
803,804,0.5801999999999999,pos
804,805,0.18186000000000002,pos
805,806,-0.20424000000000003,neg
806,807,9.999999999998899e-05,neu
807,808,0.009800000000000008,neu
808,809,0.09104000000000001,pos
809,810,0.32947999999999994,pos
810,811,-0.9721333333333334,neg
811,812,-0.5311,neg
812,813,0.6458,pos
813,814,-0.46996666666666664,neg
814,815,0.59472,pos
815,816,-0.18305,neg
816,817,0.0,neu
817,818,0.99458,pos
818,819,0.35624,pos
819,820,0.7722,pos
820,821,0.17026666666666668,pos
821,822,0.51292,pos
822,823,-0.19841999999999999,neg
823,824,-0.33313333333333334,neg
824,825,-0.1963,neg
825,826,0.79388,pos
826,827,0.26672,pos
827,828,-0.022949999999999998,neu
828,829,0.17814000000000002,pos
829,830,-0.6262000000000001,neg
830,831,0.93446,pos
831,832,0.15217999999999998,pos
832,833,-0.99335,neg
833,834,-0.62514,neg
834,835,0.9821200000000001,pos
835,836,0.87166,pos
836,837,0.14548,pos
837,838,0.999,pos
838,839,0.986,pos
839,840,0.18170000000000003,pos
840,841,-0.49445,neg
841,842,-0.004149999999999987,neu
842,843,-0.9998,neg
843,844,0.40474,pos
844,845,0.5635600000000001,pos
845,846,-0.9869,neg
846,847,0.9761,pos
847,848,0.71848,pos
848,849,-0.17742,neg
849,850,0.33383333333333337,pos
850,851,-0.20049999999999998,neg
851,852,-0.9995800000000001,neg
852,853,-0.337,neg
853,854,-0.54306,neg
854,855,-0.10729999999999999,neg
855,856,0.39896000000000004,pos
856,857,0.31720000000000004,pos
857,858,-0.9999,neg
858,859,0.11485999999999999,pos
859,860,0.32267999999999997,pos
860,861,0.0,neu
861,862,0.18056,pos
862,863,0.0,neu
863,864,0.19233999999999998,pos
864,865,-0.04364000000000001,neu
865,866,0.39958,pos
866,867,0.21606,pos
867,868,0.59622,pos
868,869,-0.19543333333333332,neg
869,870,0.8248,pos
870,871,0.19460000000000005,pos
871,872,0.9985199999999999,pos
872,873,0.20966000000000004,pos
873,874,-0.5794,neg
874,875,0.27352,pos
875,876,0.19629999999999997,pos
876,877,0.17445,pos
877,878,0.009000000000000008,neu
878,879,0.008600000000000016,neu
879,880,0.28514,pos
880,881,0.19629999999999997,pos
881,882,0.21255000000000002,pos
882,883,0.296675,pos
883,884,-0.20397999999999997,neg
884,885,0.68944,pos
885,886,0.5778800000000001,pos
886,887,0.91028,pos
887,888,0.20072,pos
888,889,-0.7839499999999999,neg
889,890,-0.41084,neg
890,891,-0.7566999999999999,neg
891,892,0.41768,pos
892,893,0.20834999999999998,pos
893,894,0.67186,pos
894,895,-0.09894,neg
895,896,-0.12239999999999998,neg
896,897,0.0,neu
897,898,0.31066,pos
898,899,-0.17569999999999997,neg
899,900,-0.21918,neg
900,901,0.1114,pos
901,902,0.98722,pos
902,903,-0.5747,neg
903,904,0.9146,pos
904,905,0.9942399999999999,pos
905,906,-0.5747,neg
906,907,0.0,neu
907,908,-0.28452,neg
908,909,-0.5746,neg
909,910,0.09395,pos
910,911,0.76202,pos
911,912,-0.20465999999999998,neg
912,913,-0.19722,neg
913,914,-0.10646000000000003,neg
914,915,-0.16799999999999998,neg
915,916,0.59658,pos
916,917,-0.0005750000000000199,neu
917,918,0.5558,pos
918,919,0.54888,pos
919,920,0.2004,pos
920,921,0.9232800000000001,pos
921,922,-0.19694,neg
922,923,0.5984400000000001,pos
923,924,0.5636,pos
924,925,0.059475,pos
925,926,0.85884,pos
926,927,0.0,neu
927,928,0.9866400000000001,pos
928,929,-0.567025,neg
929,930,0.22252,pos
930,931,-0.13746,neg
931,932,0.18653999999999998,pos
932,933,0.6812,pos
933,934,-0.9358,neg
934,935,0.46918,pos
935,936,-0.04017499999999999,neu
936,937,-0.5747,neg
937,938,0.0022599999999999955,neu
938,939,0.20606,pos
939,940,0.9575800000000001,pos
940,941,0.58424,pos
941,942,0.99922,pos
942,943,0.23933333333333331,pos
943,944,0.19918,pos
944,945,0.4763400000000001,pos
945,946,0.55406,pos
946,947,0.8593,pos
947,948,0.34159999999999996,pos
948,949,0.32816666666666666,pos
949,950,0.74124,pos
950,951,-0.08887999999999999,neg
951,952,0.89894,pos
952,953,0.31103333333333333,pos
953,954,0.0,neu
954,955,0.8642200000000001,pos
955,956,0.176,pos
956,957,0.18378,pos
957,958,0.0,neu
958,959,0.56498,pos
959,960,0.20204,pos
960,961,0.5964400000000001,pos
961,962,-0.33245,neg
962,963,0.0,neu
963,964,0.19820000000000002,pos
964,965,-0.19891999999999999,neg
965,966,0.8210000000000001,pos
966,967,0.5577799999999999,pos
967,968,0.98735,pos
968,969,0.9988,pos
969,970,0.19818,pos
970,971,0.255,pos
971,972,-0.21822,neg
972,973,0.32466666666666666,pos
973,974,0.9988400000000001,pos
974,975,-0.5391,neg
975,976,-0.16054,neg
976,977,0.59744,pos
977,978,0.5957600000000001,pos
978,979,-0.6279,neg
979,980,0.19985999999999998,pos
980,981,0.59864,pos
981,982,-0.5976600000000001,neg
982,983,0.5626800000000001,pos
983,984,-0.8579,neg
984,985,0.3365666666666667,pos
985,986,-0.269625,neg
986,987,0.10752000000000002,pos
987,988,0.6537,pos
988,989,-0.19984,neg
989,990,0.5776399999999999,pos
990,991,-0.5747,neg
991,992,0.50285,pos
992,993,0.19922,pos
993,994,-0.2897,neg
994,995,-0.5747,neg
995,996,0.57304,pos
996,997,-0.292,neg
997,998,-0.55612,neg
998,999,0.138925,pos
999,1000,0.5985199999999999,pos
1000,1001,-0.16204,neg
1001,1002,0.6926599999999999,pos
1002,1003,0.009000000000000008,neu
1003,1004,-0.9955,neg
1004,1005,0.0,neu
1005,1006,0.0,neu
1006,1007,-0.53586,neg
1007,1008,-0.9869,neg
1008,1009,-0.57682,neg
1009,1010,-0.06920000000000001,neg
1010,1011,0.60832,pos
1011,1012,0.59254,pos
1012,1013,0.81782,pos
1013,1014,0.6666,pos
1014,1015,0.0,neu
1015,1016,0.18615999999999996,pos
1016,1017,0.62404,pos
1017,1018,0.25658000000000003,pos
1018,1019,0.0,neu
1019,1020,0.58252,pos
1020,1021,-0.10246000000000002,neg
1021,1022,0.0,neu
1022,1023,0.00830000000000002,neu
1023,1024,-0.7786,neg
1024,1025,-0.0762,neg
1025,1026,0.21234999999999998,pos
1026,1027,0.05205000000000001,pos
1027,1028,-0.71975,neg
1028,1029,-0.3325666666666667,neg
1029,1030,0.09390000000000001,pos
1030,1031,0.91684,pos
1031,1032,0.1774,pos
1032,1033,-0.15363333333333337,neg
1033,1034,-0.010220000000000007,neu
1034,1035,0.4767,pos
1035,1036,-0.06288,neg
1036,1037,-0.04426000000000001,neu
1037,1038,0.101825,pos
1038,1039,0.61202,pos
1039,1040,0.19642,pos
1040,1041,0.96236,pos
1041,1042,0.14798,pos
1042,1043,0.5729599999999999,pos
1043,1044,0.60734,pos
1044,1045,-0.35024,neg
1045,1046,0.58334,pos
1046,1047,0.6481399999999999,pos
1047,1048,-0.17618000000000003,neg
1048,1049,-0.5854,neg
1049,1050,0.55444,pos
1050,1051,-0.15658,neg
1051,1052,-0.3443,neg
1052,1053,0.25772,pos
1053,1054,0.19814,pos
1054,1055,-0.018400000000000027,neu
1055,1056,-0.58558,neg
1056,1057,-0.9869,neg
1057,1058,-0.23232,neg
1058,1059,-0.08122,neg
1059,1060,0.18822,pos
1060,1061,0.999,pos
1061,1062,0.31794,pos
1062,1063,0.46374000000000004,pos
1063,1064,0.6986399999999999,pos
1064,1065,-0.02429999999999999,neu
1065,1066,0.19640000000000002,pos
1066,1067,0.77822,pos
1067,1068,0.0,neu
1068,1069,-0.9843999999999999,neg
1069,1070,-0.23743999999999996,neg
1070,1071,-0.19873999999999997,neg
1071,1072,-0.9991,neg
1072,1073,-0.539,neg
1073,1074,0.31074,pos
1074,1075,0.20301999999999998,pos
1075,1076,0.41037999999999997,pos
1076,1077,0.97652,pos
1077,1078,0.37082,pos
1078,1079,0.13664,pos
1079,1080,0.0,neu
1080,1081,-0.9869,neg
1081,1082,0.005900000000000016,neu
1082,1083,-0.95575,neg
1083,1084,0.9998,pos
1084,1085,0.1958,pos
1085,1086,0.19246000000000002,pos
1086,1087,-0.19744,neg
1087,1088,-0.59936,neg
1088,1089,0.23074000000000003,pos
1089,1090,0.45262,pos
1090,1091,0.98552,pos
1091,1092,0.6008800000000001,pos
1092,1093,-0.33276666666666666,neg
1093,1094,0.00655,neu
1094,1095,-0.20882,neg
1095,1096,0.5456799999999999,pos
1096,1097,-0.49366000000000004,neg
1097,1098,-0.65015,neg
1098,1099,-0.9969,neg
1099,1100,0.73406,pos
1100,1101,0.20846,pos
1101,1102,0.19992000000000001,pos
1102,1103,0.7434000000000001,pos
1103,1104,-0.006799999999999973,neu
1104,1105,-0.49165,neg
1105,1106,0.3947,pos
1106,1107,-0.36676666666666663,neg
1107,1108,-0.333,neg
1108,1109,-0.3345666666666667,neg
1109,1110,0.21666,pos
1110,1111,0.19788,pos
1111,1112,0.48045000000000004,pos
1112,1113,-0.9969,neg
1113,1114,0.8207800000000001,pos
1114,1115,-0.65255,neg
1115,1116,0.5947,pos
1116,1117,-0.05404999999999999,neg
1117,1118,0.21668000000000004,pos
1118,1119,0.99386,pos
1119,1120,0.0,neu
1120,1121,0.0,neu
1121,1122,0.9823600000000001,pos
1122,1123,0.19892000000000004,pos
1123,1124,0.84354,pos
1124,1125,0.11354,pos
1125,1126,0.07146000000000004,pos
1126,1127,0.40248,pos
1127,1128,0.0,neu
1128,1129,0.591,pos
1129,1130,0.0,neu
1130,1131,0.24123999999999998,pos
1131,1132,0.012859999999999983,neu
1132,1133,-0.29344000000000003,neg
1133,1134,-0.1317,neg
1134,1135,0.50996,pos
1135,1136,-0.19829999999999998,neg
1136,1137,0.5995,pos
1137,1138,0.59318,pos
1138,1139,0.7542,pos
1139,1140,0.26277999999999996,pos
1140,1141,0.99626,pos
1141,1142,0.4349,pos
1142,1143,0.45692000000000005,pos
1143,1144,0.19660000000000002,pos
1144,1145,0.61128,pos
1145,1146,0.0015999999999999903,neu
1146,1147,0.19834,pos
1147,1148,0.0,neu
1148,1149,-0.1265,neg
1149,1150,0.31448,pos
1150,1151,-0.9869,neg
1151,1152,0.59978,pos
1152,1153,0.0,neu
1153,1154,-0.054459999999999995,neg
1154,1155,0.0,neu
1155,1156,0.85885,pos
1156,1157,0.40637999999999996,pos
1157,1158,0.0,neu
1158,1159,0.46724,pos
1159,1160,-0.5747,neg
1160,1161,0.0,neu
1161,1162,-0.9869,neg
1162,1163,0.99626,pos
1163,1164,-0.17,neg
1164,1165,-0.54234,neg
1165,1166,0.59862,pos
1166,1167,-0.514325,neg
1167,1168,-0.9967,neg
1168,1169,-0.05456000000000003,neg
1169,1170,-0.65615,neg
1170,1171,0.99878,pos
1171,1172,0.70794,pos
1172,1173,0.5981799999999999,pos
1173,1174,0.2575,pos
1174,1175,-0.7861,neg
1175,1176,-0.7874,neg
1176,1177,0.24473333333333333,pos
1177,1178,0.382425,pos
1178,1179,0.2004,pos
1179,1180,0.6003000000000001,pos
1180,1181,-0.9979,neg
1181,1182,-0.9969,neg
1182,1183,0.4689,pos
1183,1184,-0.19286,neg
1184,1185,0.59914,pos
1185,1186,-0.9969,neg
1186,1187,-0.18075000000000002,neg
1187,1188,-0.83766,neg
1188,1189,-0.4181333333333333,neg
1189,1190,0.5992200000000001,pos
1190,1191,0.01529999999999998,neu
1191,1192,0.9978999999999999,pos
1192,1193,0.9915,pos
1193,1194,-0.0019799999999999818,neu
1194,1195,0.0,neu
1195,1196,0.0,neu
1196,1197,0.59644,pos
1197,1198,0.19896000000000003,pos
1198,1199,-0.3511,neg
1199,1200,0.6804600000000001,pos
1200,1201,0.9997,pos
1201,1202,0.0,neu
1202,1203,0.65588,pos
1203,1204,0.5961000000000001,pos
1204,1205,-0.19016000000000002,neg
1205,1206,0.24639999999999995,pos
1206,1207,0.47462,pos
1207,1208,0.45730000000000004,pos
1208,1209,0.21508000000000002,pos
1209,1210,0.36920000000000003,pos
1210,1211,0.21652000000000005,pos
1211,1212,-0.9967,neg
1212,1213,-0.9071333333333333,neg
1213,1214,0.0,neu
1214,1215,-0.3247,neg
1215,1216,0.92254,pos
1216,1217,-0.68572,neg
1217,1218,0.9791399999999999,pos
1218,1219,0.8058,pos
1219,1220,0.29006,pos
1220,1221,-0.4816,neg
1221,1222,0.9960800000000001,pos
1222,1223,0.32132,pos
1223,1224,0.1459,pos
1224,1225,0.44864,pos
1225,1226,0.19794000000000003,pos
1226,1227,0.59948,pos
1227,1228,-0.993,neg
1228,1229,0.0,neu
1229,1230,-0.9969,neg
1230,1231,-0.30478,neg
1231,1232,-0.9894,neg
1232,1233,0.0,neu
1233,1234,-0.9688,neg
1234,1235,0.99695,pos
1235,1236,0.15384,pos
1236,1237,0.8128399999999999,pos
1237,1238,-0.2313,neg
1238,1239,0.33474,pos
1239,1240,0.0,neu
1240,1241,0.185,pos
1241,1242,0.0,neu
1242,1243,-0.5747,neg
1243,1244,0.09852000000000002,pos
1244,1245,-0.14935,neg
1245,1246,-0.2136,neg
1246,1247,0.59916,pos
1247,1248,-0.04469999999999999,neu
1248,1249,0.98824,pos
1249,1250,0.50214,pos
1250,1251,-0.2003,neg
1251,1252,0.0,neu
1252,1253,-0.16115000000000002,neg
1253,1254,-0.07246666666666668,neg
1254,1255,-0.9830400000000001,neg
1255,1256,-0.5747,neg
1256,1257,-0.5747,neg
1257,1258,0.8492,pos
1258,1259,0.06374000000000002,pos
1259,1260,0.011759999999999993,neu
1260,1261,-0.22136,neg
1261,1262,0.9434400000000001,pos
1262,1263,-0.21234999999999998,neg
1263,1264,0.2841,pos
1264,1265,-0.11009999999999998,neg
1265,1266,0.0,neu
1266,1267,0.8015399999999999,pos
1267,1268,0.19454,pos
1268,1269,0.47498000000000007,pos
1269,1270,-0.56038,neg
1270,1271,0.19668000000000002,pos
1271,1272,0.19308,pos
1272,1273,0.54566,pos
1273,1274,-0.61072,neg
1274,1275,0.0,neu
1275,1276,0.42528000000000005,pos
1276,1277,0.58866,pos
1277,1278,-0.380725,neg
1278,1279,0.9960800000000001,pos
1279,1280,0.28346,pos
1280,1281,0.0,neu
1281,1282,-0.3887,neg
1282,1283,0.19672,pos
1283,1284,0.59526,pos
1284,1285,-0.9969,neg
1285,1286,0.9751200000000001,pos
1286,1287,0.136,pos
1287,1288,-0.9991,neg
1288,1289,0.29676,pos
1289,1290,0.73344,pos
1290,1291,0.1011,pos
1291,1292,0.16721999999999998,pos
1292,1293,0.80556,pos
1293,1294,0.0772,pos
1294,1295,-0.20238000000000006,neg
1295,1296,-0.00655,neu
1296,1297,0.24672,pos
1297,1298,0.7997799999999999,pos
1298,1299,0.94452,pos
1299,1300,-0.5119,neg
1300,1301,-0.28738,neg
1301,1302,-0.006750000000000034,neu
1302,1303,-0.44934,neg
1303,1304,-0.9644600000000001,neg
1304,1305,-0.9991,neg
1305,1306,0.0,neu
1306,1307,0.0,neu
1307,1308,-0.9969,neg
1308,1309,-0.19885999999999998,neg
1309,1310,-0.5991,neg
1310,1311,0.70984,pos
1311,1312,0.0,neu
1312,1313,0.26156666666666667,pos
1313,1314,-0.61784,neg
1314,1315,-0.20716666666666664,neg
1315,1316,-0.17243999999999998,neg
1316,1317,-0.350425,neg
1317,1318,0.0,neu
1318,1319,0.0,neu
1319,1320,0.12042,pos
1320,1321,0.1993,pos
1321,1322,0.0,neu
1322,1323,0.0,neu
1323,1324,0.9650000000000001,pos
1324,1325,-0.62902,neg
1325,1326,-0.16396000000000002,neg
1326,1327,0.9747399999999999,pos
1327,1328,0.59774,pos
1328,1329,0.73102,pos
1329,1330,0.9688,pos
1330,1331,0.0,neu
1331,1332,0.0,neu
1332,1333,0.0,neu
1333,1334,0.9766999999999999,pos
1334,1335,-0.4851,neg
1335,1336,0.31244,pos
1336,1337,0.4354,pos
1337,1338,0.59706,pos
1338,1339,0.0,neu
1339,1340,-0.9991,neg
1340,1341,0.0,neu
1341,1342,0.0,neu
1342,1343,0.0,neu
1343,1344,0.0,neu
1344,1345,0.0,neu
1345,1346,0.0,neu
1346,1347,0.0,neu
1347,1348,0.8313600000000001,pos
1348,1349,0.0,neu
1349,1350,0.0,neu
1350,1351,0.0,neu
1351,1352,0.0,neu
1352,1353,-0.029925000000000007,neu
1353,1354,0.46802,pos
1354,1355,0.69776,pos
1355,1356,0.337,pos
1356,1357,0.89918,pos
1357,1358,-0.2028,neg
1358,1359,0.06802000000000001,pos
1359,1360,0.0,neu
1360,1361,0.0,neu
1361,1362,0.1185,pos
1362,1363,-0.4991,neg
1363,1364,-0.5816600000000001,neg
1364,1365,0.0,neu
1365,1366,0.0,neu
1366,1367,0.22102,pos
1367,1368,0.0,neu
1368,1369,0.0,neu
1369,1370,0.0,neu
1370,1371,0.5429999999999999,pos
1371,1372,0.1927,pos
1372,1373,-0.26112,neg
1373,1374,0.9980800000000001,pos
1374,1375,0.0,neu
1375,1376,-0.5747,neg
1376,1377,0.4544,pos
1377,1378,0.9994,pos
1378,1379,-0.9869,neg
1379,1380,-0.9869,neg
1380,1381,0.9692666666666666,pos
1381,1382,0.18604,pos
1382,1383,-0.5747,neg
1383,1384,-0.47695,neg
1384,1385,-0.5747,neg
1385,1386,-0.7327,neg
1386,1387,0.0044399999999999995,neu
1387,1388,0.0,neu
1388,1389,-0.29385,neg
1389,1390,-0.19943999999999998,neg
1390,1391,0.99675,pos
1391,1392,-0.391325,neg
1392,1393,-0.5747,neg
1393,1394,-0.9387,neg
1394,1395,0.19976,pos
1395,1396,0.05456666666666669,pos
1396,1397,0.19934000000000002,pos
1397,1398,0.1749,pos
1398,1399,-0.59792,neg
1399,1400,0.31784,pos
1400,1401,0.601,pos
1401,1402,0.0,neu
1402,1403,0.0,neu
1403,1404,0.19678,pos
1404,1405,-0.19744,neg
1405,1406,0.19972,pos
1406,1407,0.20596,pos
1407,1408,0.429275,pos
1408,1409,-0.19776,neg
1409,1410,0.20580000000000004,pos
1410,1411,0.17418000000000003,pos
1411,1412,0.9998,pos
1412,1413,0.02724000000000002,neu
1413,1414,-0.33180000000000004,neg
1414,1415,-0.21028000000000002,neg
1415,1416,0.86462,pos
1416,1417,0.20639999999999997,pos
1417,1418,0.19799999999999998,pos
1418,1419,-0.35845000000000005,neg
1419,1420,0.0,neu
1420,1421,-0.9967,neg
1421,1422,-0.7645,neg
1422,1423,0.27305999999999997,pos
1423,1424,0.89208,pos
1424,1425,-0.1937,neg
1425,1426,-0.18163999999999997,neg
1426,1427,-0.47703999999999996,neg
1427,1428,0.9949666666666667,pos
1428,1429,0.38327999999999995,pos
1429,1430,-0.5747,neg
1430,1431,0.0,neu
1431,1432,0.45348,pos
1432,1433,0.59922,pos
1433,1434,-0.06638,neg
1434,1435,0.044399999999999995,neu
1435,1436,0.47498000000000007,pos
1436,1437,0.583,pos
1437,1438,-0.10124,neg
1438,1439,-0.18259999999999998,neg
1439,1440,0.09978000000000001,pos
1440,1441,-0.9337,neg
1441,1442,0.1456,pos
1442,1443,0.19948,pos
1443,1444,0.33480000000000004,pos
1444,1445,0.367625,pos
1445,1446,0.15780000000000002,pos
1446,1447,0.22274000000000002,pos
1447,1448,0.9997,pos
1448,1449,0.6666000000000001,pos
1449,1450,0.0010999999999999899,neu
1450,1451,0.45153999999999994,pos
1451,1452,0.9012399999999999,pos
1452,1453,-0.20010000000000003,neg
1453,1454,0.32717999999999997,pos
1454,1455,0.3584,pos
1455,1456,0.5980399999999999,pos
1456,1457,0.59978,pos
1457,1458,0.99924,pos
1458,1459,0.5588599999999999,pos
1459,1460,-0.018066666666666675,neu
1460,1461,0.20638,pos
1461,1462,0.0,neu
1462,1463,0.315,pos
1463,1464,-0.9991,neg
1464,1465,-0.99925,neg
1465,1466,-0.97885,neg
1466,1467,-0.9971000000000001,neg
1467,1468,-0.020100000000000007,neu
1468,1469,-0.8132333333333334,neg
1469,1470,-0.0012499999999999734,neu
1470,1471,-0.22002500000000003,neg
1471,1472,0.8519,pos
1472,1473,0.18202000000000002,pos
1473,1474,-0.9969,neg
1474,1475,-0.9967,neg
1475,1476,0.3291,pos
1476,1477,0.14964,pos
1477,1478,0.18480000000000002,pos
1478,1479,0.14569999999999997,pos
1479,1480,-0.011199999999999988,neu
1480,1481,0.65628,pos
1481,1482,0.0,neu
1482,1483,0.53284,pos
1483,1484,-0.9998,neg
1484,1485,-0.6486,neg
1485,1486,0.21076666666666669,pos
1486,1487,-0.9967,neg
1487,1488,-0.9967,neg
1488,1489,0.59616,pos
1489,1490,0.0,neu
1490,1491,-0.48297999999999996,neg
1491,1492,0.60204,pos
1492,1493,0.19932,pos
1493,1494,0.0,neu
1494,1495,0.20212,pos
1495,1496,0.006975000000000009,neu
1496,1497,0.9984,pos
1497,1498,0.0,neu
1498,1499,0.0,neu
1499,1500,-0.9869,neg
1500,1501,0.0,neu
1501,1502,-0.98148,neg
1502,1503,0.480525,pos
1503,1504,0.0,neu
1504,1505,-0.00024999999999997247,neu
1505,1506,0.0,neu
1506,1507,-0.19895999999999997,neg
1507,1508,-0.2587,neg
1508,1509,0.85266,pos
1509,1510,0.46936,pos
1510,1511,-0.22570000000000007,neg
1511,1512,0.0,neu
1512,1513,-0.5747,neg
1513,1514,-0.5919399999999999,neg
1514,1515,0.72918,pos
1515,1516,-0.4178,neg
1516,1517,-0.59772,neg
1517,1518,-0.9991,neg
1518,1519,0.10952500000000001,pos
1519,1520,0.24223999999999996,pos
1520,1521,-0.1934,neg
1521,1522,-0.9969,neg
1522,1523,-0.20031999999999997,neg
1523,1524,-0.23715999999999998,neg
1524,1525,-0.9893666666666667,neg
1525,1526,0.96072,pos
1526,1527,0.31905,pos
1527,1528,0.0038799999999999946,neu
1528,1529,-0.39348,neg
1529,1530,-0.9991,neg
1530,1531,-0.9991,neg
1531,1532,0.19044,pos
1532,1533,0.0,neu
1533,1534,0.10446,pos
1534,1535,0.0,neu
1535,1536,0.0,neu
1536,1537,-0.9869,neg
1537,1538,0.5993999999999999,pos
1538,1539,0.9964600000000001,pos
1539,1540,-0.99945,neg
1540,1541,-0.9969,neg
1541,1542,0.9473,pos
1542,1543,-0.13228,neg
1543,1544,0.20031999999999997,pos
1544,1545,-0.9991,neg
1545,1546,0.0,neu
1546,1547,0.12024000000000001,pos
1547,1548,0.0,neu
1548,1549,0.56766,pos
1549,1550,-0.9991,neg
1550,1551,-0.20005,neg
1551,1552,0.5700999999999999,pos
1552,1553,-0.15161999999999998,neg
1553,1554,-0.3289333333333333,neg
1554,1555,-0.20104000000000002,neg
1555,1556,-0.57298,neg
1556,1557,0.0,neu
1557,1558,0.9581800000000001,pos
1558,1559,0.0,neu
1559,1560,0.0,neu
1560,1561,0.0,neu
1561,1562,0.0,neu
1562,1563,0.0,neu
1563,1564,0.0,neu
1564,1565,0.0,neu
1565,1566,0.86852,pos
1566,1567,0.99642,pos
1567,1568,0.0,neu
1568,1569,0.0,neu
1569,1570,0.0,neu
1570,1571,0.0,neu
1571,1572,0.0,neu
1572,1573,0.0,neu
1573,1574,-0.03484999999999999,neu
1574,1575,0.0,neu
1575,1576,0.0,neu
1576,1577,0.0,neu
1577,1578,0.3452,pos
1578,1579,0.0,neu
1579,1580,0.0,neu
1580,1581,-0.20054,neg
1581,1582,0.587,pos
1582,1583,0.0,neu
1583,1584,0.0,neu
1584,1585,0.20492,pos
1585,1586,0.0,neu
1586,1587,0.19992,pos
1587,1588,0.0,neu
1588,1589,-0.2674,neg
1589,1590,0.19904000000000002,pos
1590,1591,0.0,neu
1591,1592,0.19636,pos
1592,1593,0.0,neu
1593,1594,-0.17392000000000002,neg
1594,1595,0.56264,pos
1595,1596,0.0,neu
1596,1597,-0.21802000000000002,neg
1597,1598,-0.18384,neg
1598,1599,-0.2678333333333333,neg
1599,1600,0.0,neu
1600,1601,-0.47436000000000006,neg
1601,1602,-0.9688,neg
1602,1603,-0.060719999999999996,neg
1603,1604,0.5997600000000001,pos
1604,1605,0.69206,pos
1605,1606,0.406725,pos
1606,1607,0.19976,pos
1607,1608,0.12491999999999999,pos
1608,1609,0.9986,pos
1609,1610,-0.5747,neg
1610,1611,0.006450000000000011,neu
1611,1612,0.20911999999999997,pos
1612,1613,-0.1746,neg
1613,1614,0.99616,pos
1614,1615,0.43038,pos
1615,1616,0.1396,pos
1616,1617,-0.7861,neg
1617,1618,0.20326000000000005,pos
1618,1619,0.59886,pos
1619,1620,-0.58918,neg
1620,1621,-0.54758,neg
1621,1622,-0.19998,neg
1622,1623,0.0,neu
1623,1624,-0.31824,neg
1624,1625,0.14964,pos
1625,1626,0.0,neu
1626,1627,0.12044000000000002,pos
1627,1628,0.8898,pos
1628,1629,0.0,neu
1629,1630,0.0,neu
1630,1631,0.0,neu
1631,1632,0.0,neu
1632,1633,0.0,neu
1633,1634,0.0,neu
1634,1635,0.3952,pos
1635,1636,0.59894,pos
1636,1637,-0.18860000000000002,neg
1637,1638,-0.06858000000000002,neg
1638,1639,0.0,neu
1639,1640,-0.19856,neg
1640,1641,0.0,neu
1641,1642,-0.18152000000000001,neg
1642,1643,0.19974000000000003,pos
1643,1644,-0.20242,neg
1644,1645,0.0,neu
1645,1646,-0.08235999999999999,neg
1646,1647,-0.01529999999999998,neu
1647,1648,-0.49885999999999997,neg
1648,1649,-0.1424,neg
1649,1650,0.0,neu
1650,1651,-0.35646,neg
1651,1652,0.0,neu
1652,1653,-0.9869,neg
1653,1654,-0.9688,neg
1654,1655,0.20157999999999995,pos
1655,1656,0.19985999999999998,pos
1656,1657,-0.21862000000000004,neg
1657,1658,-0.9869,neg
1658,1659,0.60568,pos
1659,1660,-0.58246,neg
1660,1661,0.3343,pos
1661,1662,0.3089,pos
1662,1663,-0.19448000000000001,neg
1663,1664,0.19325000000000003,pos
1664,1665,0.07270000000000001,pos
1665,1666,-0.03644999999999998,neu
1666,1667,0.506,pos
1667,1668,0.6004400000000001,pos
1668,1669,-0.19426000000000002,neg
1669,1670,-0.8193,neg
1670,1671,0.0,neu
1671,1672,0.9995,pos
1672,1673,-0.3462666666666667,neg
1673,1674,0.99366,pos
1674,1675,-0.9869,neg
1675,1676,0.20268000000000003,pos
1676,1677,0.57476,pos
1677,1678,0.0,neu
1678,1679,0.21042000000000005,pos
1679,1680,0.38327999999999995,pos
1680,1681,0.64208,pos
1681,1682,0.0,neu
